{"cameraMode":{"drawMode":0,"name":"Shaded","section":"Shading Mode"},"sceneLighting":true,"audioPlay":false,"sceneViewState":{"m_AlwaysRefresh":false,"showFog":true,"showSkybox":true,"showFlares":true,"showImageEffects":true,"showParticleSystems":true,"showVisualEffectGraphs":true,"m_FxEnabled":true},"in2DMode":false,"pivot":{"x":7.596966743469238,"y":3.6268680095672609,"z":-9.865691184997559},"rotation":{"x":0.023408187553286554,"y":0.0026946403086185457,"z":-0.00006334593490464613,"w":0.9997401833534241},"size":7.293606758117676,"orthographic":false}